{
    " White": {
        "recall": 0.7246861924686192,
        "precision": 0.6064425770308123,
        "fbeta": 0.6603126191383911
    },
    " Black": {
        "recall": 0.7777777777777778,
        "precision": 0.3783783783783784,
        "fbeta": 0.509090909090909
    },
    " Amer-Indian-Eskimo": {
        "recall": 0.6666666666666666,
        "precision": 0.4,
        "fbeta": 0.5
    },
    " Asian-Pac-Islander": {
        "recall": 0.7916666666666666,
        "precision": 0.6909090909090909,
        "fbeta": 0.7378640776699029
    },
    " Other": {
        "recall": 0.5,
        "precision": 0.3333333333333333,
        "fbeta": 0.4
    }
}