{
  " 9th": {
    "recall": 1.0,
    "precision": 0.0,
    "fbeta": 0.0
  },
  " Masters": {
    "recall": 0.821256038647343,
    "precision": 0.8762886597938144,
    "fbeta": 0.8478802992518704
  },
  " Assoc-voc": {
    "recall": 0.6792452830188679,
    "precision": 0.47368421052631576,
    "fbeta": 0.5581395348837209
  },
  " HS-grad": {
    "recall": 0.6551724137931034,
    "precision": 0.2852852852852853,
    "fbeta": 0.39748953974895396
  },
  " Some-college": {
    "recall": 0.6587677725118484,
    "precision": 0.4711864406779661,
    "fbeta": 0.549407114624506
  },
  " Bachelors": {
    "recall": 0.6961770623742455,
    "precision": 0.802784222737819,
    "fbeta": 0.7456896551724138
  },
  " 10th": {
    "recall": 0.5,
    "precision": 0.1111111111111111,
    "fbeta": 0.18181818181818182
  },
  " 11th": {
    "recall": 1.0,
    "precision": 0.18181818181818182,
    "fbeta": 0.3076923076923077
  },
  " Assoc-acdm": {
    "recall": 0.6666666666666666,
    "precision": 0.509090909090909,
    "fbeta": 0.5773195876288659
  },
  " 12th": {
    "recall": 1.0,
    "precision": 0.5,
    "fbeta": 0.6666666666666666
  },
  " Prof-school": {
    "recall": 0.8292682926829268,
    "precision": 0.9315068493150684,
    "fbeta": 0.8774193548387097
  },
  " 7th-8th": {
    "recall": 0.0,
    "precision": 0.0,
    "fbeta": 0.0
  },
  " Doctorate": {
    "recall": 0.8082191780821918,
    "precision": 0.8939393939393939,
    "fbeta": 0.8489208633093526
  },
  " 5th-6th": {
    "recall": 0.5,
    "precision": 0.3333333333333333,
    "fbeta": 0.4
  },
  " 1st-4th": {
    "recall": 1.0,
    "precision": 0.5,
    "fbeta": 0.6666666666666666
  },
  " Preschool": {
    "recall": 1.0,
    "precision": 1.0,
    "fbeta": 1.0
  }
}